District,Demographic,N_Samples,Alpha,R2,RMSE,MAE
1,Young_Adults_20_35,1638,3.7649358067924674,0.9132267713265272,0.29614375157535006,0.15632694538533437
1,Families_36_59,1638,3.7649358067924674,0.9132275979214264,0.2961423410510375,0.15632260806638199
1,Retirees_60_Plus,1638,3.7649358067924674,0.9132303392031074,0.29613766320435614,0.15630663714327497
2,Young_Adults_20_35,1207,7.56463327554629,0.9449482832566187,0.2381743337154374,0.14526484550359708
2,Families_36_59,1207,7.56463327554629,0.9449504295629518,0.23816969080787995,0.14527825997843635
2,Retirees_60_Plus,1207,7.56463327554629,0.9449520321355601,0.23816622405057858,0.14529038969722735
3,Young_Adults_20_35,4625,0.001,0.8827116082158377,0.3490497073828692,0.23459712908531924
3,Families_36_59,4625,0.001,0.8827116082158363,0.34904970738287144,0.23459712910834837
3,Retirees_60_Plus,4625,0.001,0.8827116082158368,0.34904970738287056,0.23459712926029894
4,Young_Adults_20_35,2112,2.4770763559917115,0.8421262127782032,0.401100821804385,0.22280374276406512
4,Families_36_59,2112,2.4770763559917115,0.8421287831411568,0.4010975566046721,0.22280810010877522
4,Retirees_60_Plus,2112,2.4770763559917115,0.8421453581205005,0.401076500333757,0.22282394240194703
5,Young_Adults_20_35,7943,70.54802310718645,0.8595809468983405,0.3800252323477415,0.26150887817073204
5,Families_36_59,7943,70.54802310718645,0.8595831993413696,0.38002218436885515,0.2615022562656743
5,Retirees_60_Plus,7943,81.11308307896873,0.8595529025198709,0.380063179617472,0.26160542991053015
6,Young_Adults_20_35,705,107.22672220103232,0.9198489439263859,0.2858331590286922,0.06904071979461666
6,Families_36_59,705,107.22672220103232,0.9199854959405745,0.2855895706480036,0.06912521753859276
6,Retirees_60_Plus,705,107.22672220103232,0.9206300507008478,0.2844369650721999,0.06950184172637953
7,Young_Adults_20_35,1337,35.111917342151344,0.8975613434145784,0.32415779144528656,0.15574386944100913
7,Families_36_59,1337,35.111917342151344,0.8975491800862101,0.3241770357460124,0.15573927038055005
7,Retirees_60_Plus,1337,35.111917342151344,0.8975401289302197,0.3241913553586735,0.15572098939324783
8,Young_Adults_20_35,1459,70.54802310718645,0.8998189524263053,0.31912783650774834,0.24980840911510327
8,Families_36_59,1459,70.54802310718645,0.8998443800639774,0.3190873339268236,0.24980044963796913
8,Retirees_60_Plus,1459,70.54802310718645,0.899936955406988,0.3189398312278118,0.2497456381172974
9,Young_Adults_20_35,5836,215.44346900318865,0.8078402599752791,0.441081855935543,0.2269559027333555
9,Families_36_59,5836,215.44346900318865,0.8078491301329855,0.4410716755752493,0.22695387200171763
9,Retirees_60_Plus,5836,215.44346900318865,0.8078903713457688,0.44102433957571135,0.22694442417700092
10,Young_Adults_20_35,7040,1000.0,0.8466237970255573,0.3950723924940726,0.16666293736233215
10,Families_36_59,7040,1000.0,0.8467241141717542,0.39494317095639087,0.16678322385400754
10,Retirees_60_Plus,7040,1000.0,0.8471710874632571,0.3943668965744743,0.16733838598906306
11,Young_Adults_20_35,2637,497.7023564332114,0.7774636182331855,0.4756312837467891,0.2821820394696102
11,Families_36_59,2637,497.7023564332114,0.7776287620362946,0.47545476848137935,0.2821757083545513
11,Retirees_60_Plus,2637,497.7023564332114,0.7783280052042976,0.4747066495563194,0.282106862965708
12,Young_Adults_20_35,3124,141.74741629268047,0.8227400237320208,0.42893363224197084,0.2337508751076218
12,Families_36_59,3124,141.74741629268047,0.822743458471153,0.4289294765315286,0.2337505121371272
12,Retirees_60_Plus,3124,141.74741629268047,0.8227823854311495,0.428882375766656,0.2337568728312024
13,Young_Adults_20_35,1972,1.4174741629268048,0.8826573639318119,0.3527126081496801,0.24661260295864812
13,Families_36_59,1972,1.4174741629268048,0.8826573745508705,0.3527125921901107,0.24661291364580293
13,Retirees_60_Plus,1972,1.232846739442066,0.8826578665671339,0.3527118527294376,0.24661436499740144
14,Young_Adults_20_35,4826,141.74741629268047,0.8606948870228753,0.3783287459881741,0.24606428805683472
14,Families_36_59,4826,141.74741629268047,0.8607056497113634,0.37831413089974525,0.2460721045850887
14,Retirees_60_Plus,4826,141.74741629268047,0.8607774716225773,0.37821658657283697,0.24609797176789827
15,Young_Adults_20_35,9782,1000.0,0.9736509192965942,0.16431974171451147,0.07713480659834436
15,Families_36_59,9782,1000.0,0.9737010075734877,0.16416348563910893,0.07715964825527306
15,Retirees_60_Plus,9782,1000.0,0.9739355459013569,0.16342982906464254,0.07728455984091939
16,Young_Adults_20_35,3980,162.97508346206433,0.821709857815897,0.4193129054484636,0.31140586728025377
16,Families_36_59,3980,162.97508346206433,0.8217307403919891,0.41928834831377626,0.3113943721610443
16,Retirees_60_Plus,3980,162.97508346206433,0.8218042616863868,0.41920187855119934,0.31134487216313106
17,Young_Adults_20_35,2324,40.37017258596558,0.8730513695293086,0.35484495518349785,0.24836970176639306
17,Families_36_59,2324,40.37017258596558,0.8730584252295875,0.3548350940513649,0.2483654875664058
17,Retirees_60_Plus,2324,40.37017258596558,0.8730834270573142,0.3548001489879543,0.24834413510452372
18,Young_Adults_20_35,6741,756.463327554629,0.8329692263027568,0.41277925007989524,0.2984691002150106
18,Families_36_59,6741,756.463327554629,0.8330790206764311,0.4126435616424805,0.2983495480669481
18,Retirees_60_Plus,6741,756.463327554629,0.8335258133725842,0.41209093588056694,0.29785387190283563
19,Young_Adults_20_35,8747,247.7076355991714,0.832320476480488,0.418946359524669,0.3099437699736358
19,Families_36_59,8747,247.7076355991714,0.832328665430796,0.41893612937630187,0.30994928319551446
19,Retirees_60_Plus,8747,247.7076355991714,0.83235726352219,0.4189004008939948,0.30995867140671446
20,Young_Adults_20_35,2845,497.7023564332114,0.7905000164422064,0.46517882252093107,0.16618911075168258
20,Families_36_59,2845,497.7023564332114,0.7905694468858961,0.4651017336164968,0.16635086682170216
20,Retirees_60_Plus,2845,572.236765935022,0.784200350656123,0.47212098634335764,0.16773071755298724
21,Young_Adults_20_35,5628,215.44346900318865,0.7864283499310714,0.4695520133240131,0.3226688924686693
21,Families_36_59,5628,215.44346900318865,0.7864611263958768,0.4695159812814685,0.32266132848671975
21,Retirees_60_Plus,5628,215.44346900318865,0.7865645286513194,0.4694022902956652,0.3225761896502236
22,Young_Adults_20_35,2303,15.199110829529332,0.7443289720779053,0.5083355163244268,0.37783088771054163
22,Families_36_59,2303,15.199110829529332,0.744341826202618,0.5083227376175344,0.3778122693389602
22,Retirees_60_Plus,2303,15.199110829529332,0.744383500149153,0.5082813059714802,0.377762236385817
23,Young_Adults_20_35,5799,141.74741629268047,0.8433346874261823,0.39802603472813863,0.3064576171492915
23,Families_36_59,5799,141.74741629268047,0.8433433625563056,0.3980150144984891,0.30644440345193924
23,Retirees_60_Plus,5799,141.74741629268047,0.8433755676025114,0.3979741009726196,0.3063799380041443
25,Young_Adults_20_35,953,162.97508346206433,0.8737423005364136,0.35722235655598433,0.24411375519653936
25,Families_36_59,953,162.97508346206433,0.8738436111628909,0.3570790081356325,0.24407252865278317
25,Retirees_60_Plus,953,162.97508346206433,0.8742024183212144,0.3565708541890172,0.2440338097635716
26,Young_Adults_20_35,4326,107.22672220103232,0.9179366279479513,0.28771369610281233,0.18134906085288274
26,Families_36_59,4326,107.22672220103232,0.917939252301539,0.2877090955819681,0.18131932009340954
26,Retirees_60_Plus,4326,107.22672220103232,0.917959424998801,0.28767373016441267,0.18118261851787773
27,Young_Adults_20_35,2684,23.10129700083158,0.8350801932719684,0.40047147523250026,0.2954407301478098
27,Families_36_59,2684,26.560877829466893,0.8349703718242862,0.40060479165687257,0.2956767719054167
27,Retirees_60_Plus,2684,26.560877829466893,0.8349828554371304,0.4005896395603793,0.29567025079259984
28,Young_Adults_20_35,5799,141.74741629268047,0.8433346874261823,0.39802603472813863,0.3064576171492915
28,Families_36_59,5799,141.74741629268047,0.8433433625563056,0.3980150144984891,0.30644440345193924
28,Retirees_60_Plus,5799,141.74741629268047,0.8433755676025114,0.3979741009726196,0.3063799380041443
