District,Property_Index,Actual_Price,Area_SQFT,Floor_Level,Young_Adults_20_35_Predicted,Young_Adults_20_35_Difference,Young_Adults_20_35_Percent_Diff,Families_36_59_Predicted,Families_36_59_Difference,Families_36_59_Percent_Diff,Retirees_60_Plus_Predicted,Retirees_60_Plus_Difference,Retirees_60_Plus_Percent_Diff
1,0,-0.20851033306284067,-0.4604432717922484,-1.619746767149293,-0.26617556651614555,-0.057665233453304876,27.655815712464367,-0.26616075638793446,-0.05765042332509379,27.648712885475636,-0.2661038117765203,-0.05759347871367965,27.62140267471645
1,1,-0.08424479426616963,-0.4604432717922484,0.947931434445314,-0.08842202872093292,-0.004177234454763298,4.958448164245515,-0.08842119426968142,-0.004176400003511799,4.957457656453587,-0.08843529751384176,-0.004190503247672131,4.974198446532287
1,2,-0.3011273981784024,-0.3314359560358763,-0.1525020805238033,-0.3191505668196791,-0.018023168641276732,5.9852304208463085,-0.3192072188595842,-0.018079820681181802,6.004043733832032,-0.3194510825721921,-0.01832368439378973,6.085027302276194
1,3,-0.09681055901760224,-0.4420038717830098,0.2143090911325691,-0.12110682394866636,-0.024296264931064113,25.096709674661138,-0.1211016934525676,-0.02429113443496536,25.091410153461368,-0.12109447688323459,-0.024283917865632346,25.08395583297583
1,4,1.5057287353580557,2.2670812747925058,-1.619746767149293,2.2194473747445995,0.7137186393865438,47.40021377202612,2.219416109137328,0.7136873737792722,47.39813732847175,2.2193709358699696,0.7136422005119138,47.39513723514168
1,5,-0.3985028784288702,-0.1102830034645348,0.2143090911325691,-0.3784657209193186,0.020037157509551595,-5.028108602013042,-0.37844870085200766,0.020054177576862564,-5.032379604365163,-0.3784274866362617,0.020075391792608532,-5.037703083038543
1,6,1.1786639722927845,0.534736454240251,0.2143090911325691,0.8377576109537653,-0.3409063613390192,-28.923117135401572,0.837778791144475,-0.34088518114830957,-28.921320169412322,0.8378400599826181,-0.3408239123101664,-28.916122009497077
1,7,-0.01186523914607005,-0.3682976349772791,0.947931434445314,0.0018131087986081708,0.013678347944678221,-115.28084496475321,0.0018161887633238488,0.013681427909393898,-115.30680284624013,0.001808833016520257,0.013674072162590306,-115.24480875818983
1,8,0.7555768875026001,1.0507485961886651,-0.8861244238365482,1.0759381423701648,0.3203612548675647,42.39955723453257,1.0758836284473325,0.32030674094473244,42.392342360211515,1.075752492824568,0.320175605321968,42.37498666485695
1,9,-0.2686696260614335,-0.4788655507244125,-1.619746767149293,-0.28448477719902526,-0.015815151137591743,5.886467841353782,-0.2844695383977468,-0.015799912336313282,5.880795893429539,-0.2844119650562107,-0.015742338994777172,5.859366846022838
2,0,-0.036026855650433454,-0.3044140234127974,-0.4191677623606668,-0.19688223975361122,-0.16085538410317776,446.4874361058552,-0.19690393801470085,-0.1608770823642674,446.5476641238099,-0.19675930538633102,-0.16073244973589756,446.1462063064161
2,1,-0.16829960534367813,-0.1943917089975603,1.1099264713396355,-0.21613962384014002,-0.047840018496461884,28.42550842515027,-0.21621281806586198,-0.04791321272218385,28.468998857330728,-0.2164194752819619,-0.048119869938283766,28.591790123345824
2,2,-0.15386985083168775,0.0728011684389923,0.3453793544894844,-0.06637107093960351,0.08749877989208424,-56.86544792182568,-0.06613174455553035,0.0877381062761574,-57.02098611386236,-0.06607811869906913,0.08779173213261862,-57.05583755238093
2,3,0.2068740119680702,0.2142459142572274,-1.5659884376358937,-0.05241183050328305,-0.2592858424713532,-125.33514480850909,-0.052587472270125044,-0.25946148423819526,-125.4200475786401,-0.05303040172386747,-0.2599044136919377,-125.63415347310634
2,4,-0.18753927802633186,-0.2415399576036386,1.4922000297647111,-0.25122749284737594,-0.06368821482104409,33.95993388227815,-0.2512887076622727,-0.06374942963594082,33.99257494581479,-0.251511304664474,-0.06397202663814217,34.11126848273354
2,5,-0.2596880505862835,-0.3358510563173768,-0.0368942039355911,-0.33337511129749187,-0.07368706071120834,28.37522194219144,-0.3334189531988379,-0.07373090261255438,28.392104467685808,-0.3334326008001668,-0.07374455021388326,28.397359850556935
2,6,-0.3174070686342448,-0.4458587692310324,0.3453793544894844,-0.5433801216074389,-0.2259730529731941,71.19345323515395,-0.5431545378701729,-0.2257474692359281,71.12238243693997,-0.5431517126628977,-0.22574464402865296,71.12149234735018
2,7,-0.11058058729571682,-0.2729769905082179,1.1099264713396355,0.22598747802455565,0.3365680653202725,-304.36451238969767,0.2259297603894916,0.33651034768520843,-304.31231730150404,0.22594692191276136,0.3365275092084782,-304.32783677349227
2,8,-0.3760880703163387,-0.3515622720188758,-1.183714879210818,-0.4023071994162607,-0.026219129099922023,6.971539692250367,-0.4025084388646251,-0.026420368548286444,7.025048288839233,-0.4023447973255734,-0.026256727009234704,6.981536794599574
2,9,-0.4280351865595039,-0.6344663651569274,1.4922000297647111,-0.612600020464038,-0.18456483390453415,43.1190798560381,-0.6126716464336202,-0.18463645987411625,43.13581351995901,-0.6129327289928046,-0.1848975424333007,43.19680910335555
3,0,0.6932184297773761,1.1268493964245578,-0.6407242050344467,1.0056909632830102,0.3124725335056341,45.07562408662204,1.0056909665212272,0.3124725367438511,45.075624553749996,1.0056909766086435,0.31247254683126735,45.07562600890695
3,1,-0.30764344858362225,-0.4910870528841614,0.4663312612816988,-0.38083515184133376,-0.07319170325771152,23.791081394608955,-0.38083515313264155,-0.0731917045490193,23.791081814350633,-0.3808351523013838,-0.07319170371776157,23.791081544148966
3,2,1.2190950099331548,1.510780337755158,-1.0097426938064953,1.1550938230841556,-0.06400118684899914,-5.249893267343325,1.1550938276947762,-0.06400118223837858,-5.249892889143061,1.1550938409535259,-0.06400116897962893,-5.249891801553534
3,3,0.26912441352271577,0.167047519603787,-0.6407242050344467,0.3769557953640619,0.10783138184134611,40.06748419063232,0.3769557913796682,0.10783137785695246,40.06748271012984,0.37695579273427754,0.10783137921156177,40.06748321346927
3,4,-0.36418931741757693,-0.5459379697179227,1.2043682388257957,-0.2428986090250795,0.12129070839249742,-33.30430152442565,-0.24289860837409802,0.12129070904347891,-33.30430170317374,-0.2428986052720783,0.12129071214549864,-33.30430255493396
3,5,0.680778338633906,0.9897348425930194,-1.3787611825785435,0.8599777048222865,0.1791993661883805,26.32271857356296,0.859977701508874,0.17919936287496796,26.322718086853502,0.859977706008138,0.17919936737423203,26.322718747753505
3,6,-0.46597188131869544,-0.2991215822188617,-0.2717057162623982,-0.15444456808744056,0.3115273132312549,-66.85538885943845,-0.15444456932885814,0.3115273119898373,-66.85538859302376,-0.15444456558479622,0.31152731573389925,-66.855389396519
3,7,0.19900753616861191,0.0847838826060096,-0.2717057162623982,-0.005756667763633913,-0.20476420393224581,-102.89268832450469,-0.005756668207629573,-0.2047642043762415,-102.89268854760965,-0.005756664018450651,-0.20476420018706257,-102.89268644257434
3,8,1.1611920402471851,0.3041620734353255,0.4663312612816988,0.936978235737638,-0.2242138045095471,-19.308933986648604,0.936978238634629,-0.2242138016125561,-19.30893373716438,0.9369782508116923,-0.22421378943549286,-19.30893268849518
3,9,-0.48892950406528096,-0.9846943513765548,0.4663312612816988,-0.11572580483227043,0.37320369923301056,-76.33077900391568,-0.11572580342329128,0.3732037006419897,-76.33077929209202,-0.1157257962489546,0.3732037078163264,-76.33078075944807
4,0,0.26974010079437877,0.8766841948018782,-0.6964390421331337,1.2582279890228316,0.9884878882284529,366.45937527174397,1.2582261682757991,0.9884860674814204,366.45870027124266,1.2581728802811925,0.9884327794868137,366.43894496068646
4,1,1.0807129848725632,1.0581941723141843,0.1654545932466577,0.8918794391852698,-0.18883354568729338,-17.47305235807456,0.8918628261255725,-0.18885015874699063,-17.47458958950694,0.8918477400336249,-0.1888652448389383,-17.4759855283139
4,2,1.600675375156089,3.247579893634165,0.1654545932466577,3.041822187769585,1.441146812613496,90.03367172266042,3.041776846915498,1.4411014717594093,90.03083911495054,3.0416317699735296,1.4409563948174406,90.02177563185955
4,3,0.5476739615853171,0.5250250802672081,-0.6964390421331337,0.3885896289897906,-0.1590843325955265,-29.047269681223327,0.3885667008555796,-0.15910726072973752,-29.051456138097166,0.38847547626939505,-0.15919848531592207,-29.068112870493295
4,4,0.007653346101169411,-0.1556136230745312,-0.6964390421331337,0.40048052573426624,0.3928271796330968,5132.750752942871,0.4006227598196112,0.3929694137184418,5134.60920914575,0.40132385597583314,0.39367050987466373,5143.769857925437
4,5,-0.5353593803245074,-0.405183255395783,-0.6964390421331337,-0.5785024540250675,-0.04314307370056014,8.058712574422255,-0.578529292472741,-0.043169912148233625,8.063725739159784,-0.578644398196463,-0.0432850178719556,8.085226384885317
4,6,-0.2677316794432809,-0.2123335150196761,3.613029134765823,0.06685194895155631,0.33458362839483724,-124.9697566946757,0.06691910710354287,0.3346507865468238,-124.99484082074035,0.06726503379279433,0.33499671323607527,-125.12404730462407
4,7,3.706234926602591,3.3269898501199813,0.1654545932466577,3.5381800041530678,-0.16805492244952314,-4.534383971271208,3.538324120227875,-0.1679108063747159,-4.53049549475363,3.5391519899583703,-0.16708293664422058,-4.508158277958412
4,8,-0.05052658887301019,-0.1102440328062574,0.1654545932466577,-0.3841953035558883,-0.3336687146828781,660.3824285892256,-0.3841723458770815,-0.3336457570040713,660.336991762163,-0.38414460225487845,-0.33361801338186825,660.282082806657
4,9,-0.20013213594947216,-0.3030832343692938,0.1654545932466577,-0.14243108340213034,0.05770105254734181,-28.831477900135805,-0.14247160680859955,0.05766052914087261,-28.81122957455983,-0.14267905973993336,0.057453076209538795,-28.707571593621584
5,0,0.4259759513951925,0.0477607962808276,-1.0842274561905734,0.35578772105491646,-0.07018823034027605,-16.477040572452413,0.3560095125780255,-0.06996643881716702,-16.424973895358885,0.35404559469790103,-0.07193035669729148,-16.886013508907975
5,1,-0.8692932615461444,-0.8581089939412094,-1.0842274561905734,-0.662810849947836,0.20648241159830838,-23.752906036687108,-0.6628272097906039,0.20646605175554045,-23.751024066183984,-0.6611258576115144,0.20816740393462996,-23.946740777028314
5,2,5.522745339596313,2.2218338658382395,-1.0842274561905734,3.0280164739939948,-2.4947288656023185,-45.17189752922179,3.0283058713052347,-2.4944394682910787,-45.166657430440395,3.024413305755093,-2.4983320338412205,-45.23713986826408
5,3,1.1954731642905192,0.0218643752990064,0.558535663826417,0.992778461467948,-0.20269470282257118,-16.955186354422683,0.9929433950849902,-0.202529769205529,-16.94138984087735,0.9915892935184438,-0.20388387077207537,-17.054658930221567
5,4,0.9854709368668944,0.9018617894983512,2.201298783843407,1.0801636626472546,0.09469272578036025,9.608880611072776,1.0803665960221358,0.09489565915524145,9.629473138694786,1.078492390133462,0.09302145326656763,9.439289357665944
5,5,2.601108511352301,0.8242206164711453,1.653711077171077,1.794758812022251,-0.8063496993300499,-31.000233008765694,1.7949929400767273,-0.8061155712755737,-30.991231921211888,1.7926524351222195,-0.8084560762300814,-31.081212979068297
5,6,0.8597761730074983,-0.1592903467780979,0.0109479571540868,0.8024581793008474,-0.057317993706650916,-6.666618069462485,0.8026161898279165,-0.05715998317958182,-6.648239969204556,0.8015100818609786,-0.058266091146519705,-6.776890657798161
5,7,-1.068565448152504,-1.1169289340046484,0.558535663826417,-0.6907806866157723,0.3777847615367317,-35.354386779949,-0.6907853831019551,0.37778006505054884,-35.35394726675016,-0.689042773585075,0.37952267456742894,-35.51702661017204
5,8,0.18667764681448487,0.3324531123669593,-1.0842274561905734,0.4394964647300644,0.2528188179155795,135.4306861210994,0.439958318370116,0.25328067155563116,135.67809316095276,0.4358252924202499,0.24914764560576505,133.4641023482373
5,9,-0.4400916288555239,-0.3922379108188447,-1.0842274561905734,-0.33530206250591377,0.10478956634961012,-23.810851986010192,-0.33528342912252396,0.10480819973299993,-23.81508596415658,-0.3345292473371135,0.10556238151841041,-23.98645522818274
